ts,mid,position,exposure,realized,unrealized,total,mode
2025-08-23T11:28:08.120751+00:00,115502.395,0,0.000,0,0,0,normal
2025-08-23T11:28:08.379010+00:00,115502.395,0,0.000,0,0,0,normal
2025-08-23T11:28:08.647451+00:00,115502.395,0,0.000,0,0,0,normal
2025-08-23T11:28:08.906952+00:00,115502.395,0,0.000,0,0,0,normal
2025-08-23T11:28:09.165437+00:00,115502.395,0,0.000,0,0,0,normal
2025-08-23T11:28:09.429609+00:00,115502.395,0,0.000,0,0,0,normal
2025-08-23T11:28:09.697445+00:00,115502.395,0,0.000,0,0,0,normal
2025-08-23T11:28:09.967895+00:00,115502.395,0,0.000,0,0,0,normal
2025-08-23T11:28:10.232793+00:00,115502.395,0,0.000,0,0,0,normal
2025-08-23T11:28:10.496838+00:00,115502.395,0,0.000,0,0,0,normal
2025-08-23T11:28:10.757872+00:00,115502.395,0,0.000,0,0,0,normal
2025-08-23T11:28:11.019995+00:00,115502.395,0,0.000,0,0,0,normal
2025-08-23T11:28:11.275639+00:00,115502.395,0,0.000,0,0,0,normal
2025-08-23T11:28:11.534937+00:00,115502.395,0,0.000,0,0,0,normal
2025-08-23T11:28:11.852932+00:00,115502.395,0,0.000,0,0,0,normal
2025-08-23T11:28:12.110258+00:00,115502.395,0,0.000,0,0,0,normal
2025-08-23T11:28:12.374369+00:00,115502.395,0,0.000,0,0,0,normal
2025-08-23T11:28:12.638893+00:00,115502.395,0,0.000,0,0,0,normal
2025-08-23T11:28:12.904885+00:00,115502.395,0,0.000,0,0,0,normal
2025-08-23T11:28:13.163768+00:00,115502.395,0,0.000,0,0,0,normal
2025-08-23T11:28:13.422863+00:00,115502.395,0,0.000,0,0,0,normal
2025-08-23T11:28:13.686602+00:00,115502.395,0,0.000,0,0,0,normal
2025-08-23T11:28:13.947737+00:00,115502.395,0,0.000,0,0,0,normal
2025-08-23T11:28:14.210362+00:00,115502.395,0,0.000,0,0,0,normal
2025-08-23T11:28:14.472916+00:00,115502.395,0,0.000,0,0,0,normal
2025-08-23T11:28:14.725181+00:00,115502.395,0,0.000,0,0,0,normal
2025-08-23T11:28:14.988045+00:00,115502.395,0,0.000,0,0,0,normal
2025-08-23T11:28:15.247288+00:00,115502.395,0,0.000,0,0,0,normal
2025-08-23T11:28:15.509701+00:00,115502.395,0,0.000,0,0,0,normal
2025-08-23T11:28:15.766246+00:00,115502.395,0,0.000,0,0,0,normal
2025-08-23T11:28:16.030607+00:00,115502.395,0,0.000,0,0,0,normal
2025-08-23T11:28:16.288625+00:00,115502.395,0,0.000,0,0,0,normal
2025-08-23T11:28:16.552256+00:00,115502.395,0,0.000,0,0,0,normal
2025-08-23T11:28:16.814584+00:00,115502.395,0,0.000,0,0,0,normal
2025-08-23T11:28:17.078306+00:00,115502.395,0,0.000,0,0,0,normal
2025-08-23T11:28:17.343835+00:00,115502.395,0,0.000,0,0,0,normal
2025-08-23T11:28:17.610515+00:00,115502.395,0,0.000,0,0,0,normal
2025-08-23T11:28:17.871442+00:00,115502.395,0,0.000,0,0,0,normal
2025-08-23T11:28:18.136848+00:00,115502.395,0,0.000,0,0,0,normal
2025-08-23T11:28:18.400705+00:00,115502.395,0,0.000,0,0,0,normal
2025-08-23T11:28:18.661269+00:00,115502.395,0,0.000,0,0,0,normal
2025-08-23T11:28:18.921764+00:00,115502.395,0,0.000,0,0,0,normal
2025-08-23T11:28:19.186332+00:00,115502.395,0,0.000,0,0,0,normal
2025-08-23T11:28:19.447544+00:00,115502.395,0,0.000,0,0,0,normal
2025-08-23T11:28:19.713403+00:00,115502.395,0,0.000,0,0,0,normal
2025-08-23T11:28:19.973841+00:00,115502.395,0,0.000,0,0,0,normal
2025-08-23T11:28:20.230841+00:00,115502.395,0,0.000,0,0,0,normal
2025-08-23T11:28:20.491907+00:00,115502.395,0,0.000,0,0,0,normal
2025-08-23T11:28:20.756203+00:00,115502.395,0,0.000,0,0,0,normal
2025-08-23T11:28:21.013762+00:00,115502.395,0,0.000,0,0,0,normal
2025-08-23T11:28:21.273873+00:00,115502.395,0,0.000,0,0,0,normal
2025-08-23T11:28:21.532232+00:00,115502.395,0,0.000,0,0,0,normal
2025-08-23T11:28:21.799553+00:00,115502.395,0,0.000,0,0,0,normal
2025-08-23T11:28:22.059620+00:00,115502.395,0,0.000,0,0,0,normal
2025-08-23T11:28:22.319962+00:00,115502.395,0,0.000,0,0,0,normal
2025-08-23T11:28:22.601622+00:00,115502.395,0,0.000,0,0,0,normal
2025-08-23T11:28:22.866345+00:00,115502.395,0,0.000,0,0,0,normal
2025-08-23T11:28:23.128442+00:00,115502.395,0,0.000,0,0,0,normal
2025-08-23T11:28:23.395416+00:00,115502.395,0,0.000,0,0,0,normal
2025-08-23T11:28:23.660778+00:00,115502.395,0,0.000,0,0,0,normal
2025-08-23T11:28:23.917942+00:00,115502.395,0,0.000,0,0,0,normal
2025-08-23T11:28:24.175687+00:00,115502.395,0,0.000,0,0,0,normal
2025-08-23T11:28:24.435297+00:00,115502.395,0,0.000,0,0,0,normal
2025-08-23T11:28:24.692985+00:00,115502.395,0,0.000,0,0,0,normal
2025-08-23T11:28:24.954337+00:00,115502.395,0,0.000,0,0,0,normal
2025-08-23T11:28:25.211327+00:00,115502.395,0,0.000,0,0,0,normal
2025-08-23T11:28:25.468663+00:00,115502.395,0,0.000,0,0,0,normal
2025-08-23T11:28:25.728779+00:00,115502.395,0,0.000,0,0,0,normal
2025-08-23T11:28:25.986640+00:00,115502.395,0,0.000,0,0,0,normal
2025-08-23T11:28:26.249719+00:00,115502.395,0,0.000,0,0,0,normal
2025-08-23T11:28:26.514841+00:00,115502.395,0,0.000,0,0,0,normal
2025-08-23T11:28:26.779677+00:00,115502.395,0,0.000,0,0,0,normal
2025-08-23T11:28:27.044452+00:00,115502.395,0,0.000,0,0,0,normal
2025-08-23T11:28:27.303929+00:00,115502.395,0,0.000,0,0,0,normal
2025-08-23T11:28:27.561607+00:00,115502.395,0,0.000,0,0,0,normal
2025-08-23T11:28:27.826362+00:00,115502.395,0,0.000,0,0,0,normal
2025-08-23T11:28:28.093972+00:00,115502.395,0,0.000,0,0,0,normal
2025-08-23T11:28:28.359537+00:00,115502.395,0,0.000,0,0,0,normal
2025-08-23T11:28:28.619740+00:00,115502.395,0,0.000,0,0,0,normal
2025-08-23T11:28:28.880523+00:00,115502.395,0,0.000,0,0,0,normal
2025-08-23T11:28:29.144129+00:00,115502.395,0,0.000,0,0,0,normal
2025-08-23T11:28:29.406441+00:00,115502.395,0,0.000,0,0,0,normal
2025-08-23T11:28:29.662419+00:00,115502.395,0,0.000,0,0,0,normal
2025-08-23T11:28:29.921703+00:00,115502.395,0,0.000,0,0,0,normal
2025-08-23T11:28:30.190316+00:00,115502.395,0,0.000,0,0,0,normal
2025-08-23T11:28:30.455614+00:00,115502.395,0,0.000,0,0,0,normal
2025-08-23T11:28:30.715552+00:00,115502.395,0,0.000,0,0,0,normal
2025-08-23T11:28:30.982294+00:00,115502.395,0,0.000,0,0,0,normal
2025-08-23T11:28:31.246431+00:00,115502.395,0,0.000,0,0,0,normal
2025-08-23T11:28:31.508346+00:00,115502.395,0,0.000,0,0,0,normal
2025-08-23T11:28:31.772957+00:00,115502.395,0,0.000,0,0,0,normal
2025-08-23T11:28:32.040073+00:00,115502.395,0,0.000,0,0,0,normal
2025-08-23T11:28:32.304907+00:00,115502.395,0,0.000,0,0,0,normal
2025-08-23T11:28:32.571425+00:00,115502.395,0,0.000,0,0,0,normal
2025-08-23T11:28:32.823558+00:00,115502.395,0,0.000,0,0,0,normal
2025-08-23T11:28:33.094331+00:00,115502.395,0,0.000,0,0,0,normal
2025-08-23T11:28:33.362105+00:00,115502.395,0,0.000,0,0,0,normal
2025-08-23T11:28:33.624119+00:00,115502.395,0,0.000,0,0,0,normal
2025-08-23T11:28:33.883902+00:00,115502.395,0,0.000,0,0,0,normal
2025-08-23T11:28:34.142008+00:00,115502.395,0,0.000,0,0,0,normal
2025-08-23T11:28:34.401463+00:00,115502.395,0,0.000,0,0,0,normal
2025-08-23T11:28:34.675316+00:00,115502.395,0,0.000,0,0,0,normal
2025-08-23T11:28:34.938443+00:00,115502.395,0,0.000,0,0,0,normal
2025-08-23T11:28:35.201330+00:00,115502.395,0,0.000,0,0,0,normal
2025-08-23T11:28:35.472039+00:00,115502.395,0,0.000,0,0,0,normal
2025-08-23T11:28:35.755659+00:00,115502.395,0,0.000,0,0,0,normal
2025-08-23T11:28:36.109730+00:00,115496.815,0,0.000,0,0,0,normal
2025-08-23T11:28:36.366641+00:00,115495.385,0,0.000,0,0,0,normal
2025-08-23T11:28:36.627252+00:00,115495.385,0,0.000,0,0,0,normal
2025-08-23T11:28:36.886301+00:00,115495.385,0,0.000,0,0,0,normal
2025-08-23T11:28:37.143885+00:00,115495.385,0,0.000,0,0,0,normal
2025-08-23T11:28:37.409052+00:00,115495.385,0,0.000,0,0,0,normal
2025-08-23T11:28:37.680651+00:00,115495.385,0,0.000,0,0,0,normal
2025-08-23T11:28:37.947006+00:00,115495.385,0,0.000,0,0,0,normal
2025-08-23T11:28:38.212647+00:00,115495.385,0,0.000,0,0,0,normal
2025-08-23T11:28:38.477478+00:00,115495.385,0,0.000,0,0,0,normal
2025-08-23T11:28:38.740862+00:00,115495.385,0,0.000,0,0,0,normal
2025-08-23T11:28:39.010146+00:00,115495.385,0,0.000,0,0,0,normal
2025-08-23T11:28:39.275078+00:00,115495.385,0,0.000,0,0,0,normal
2025-08-23T11:28:39.539914+00:00,115495.385,0,0.000,0,0,0,normal
2025-08-23T11:28:39.811092+00:00,115486.685,0,0.000,0,0,0,normal
2025-08-23T11:28:40.076675+00:00,115483.585,0,0.000,0,0,0,normal
2025-08-23T11:28:40.347402+00:00,115483.585,0,0.000,0,0,0,normal
2025-08-23T11:28:40.612624+00:00,115483.585,0,0.000,0,0,0,normal
2025-08-23T11:28:40.888796+00:00,115483.585,0,0.000,0,0,0,normal
2025-08-23T11:28:41.141436+00:00,115483.585,0,0.000,0,0,0,normal
2025-08-23T11:28:41.408304+00:00,115483.585,0,0.000,0,0,0,normal
2025-08-23T11:28:41.671771+00:00,115483.585,0,0.000,0,0,0,normal
2025-08-23T11:28:41.936416+00:00,115483.585,0,0.000,0,0,0,normal
2025-08-23T11:28:42.207743+00:00,115483.585,0,0.000,0,0,0,normal
2025-08-23T11:28:42.472605+00:00,115483.585,0,0.000,0,0,0,normal
2025-08-23T11:28:42.737885+00:00,115483.585,0,0.000,0,0,0,normal
2025-08-23T11:28:43.001477+00:00,115483.585,0,0.000,0,0,0,normal
2025-08-23T11:28:43.266983+00:00,115483.585,0,0.000,0,0,0,normal
2025-08-23T11:28:43.531307+00:00,115483.585,0,0.000,0,0,0,normal
2025-08-23T11:28:43.796351+00:00,115483.585,0,0.000,0,0,0,normal
2025-08-23T11:28:44.061183+00:00,115482.275,0,0.000,0,0,0,normal
2025-08-23T11:28:44.327553+00:00,115482.275,0,0.000,0,0,0,normal
2025-08-23T11:28:44.592639+00:00,115482.275,0,0.000,0,0,0,normal
2025-08-23T11:28:44.858671+00:00,115482.275,0,0.000,0,0,0,normal
2025-08-23T11:28:45.123734+00:00,115482.275,0,0.000,0,0,0,normal
2025-08-23T11:28:45.390105+00:00,115482.275,0,0.000,0,0,0,normal
2025-08-23T11:28:45.658104+00:00,115482.275,0,0.000,0,0,0,normal
2025-08-23T11:28:45.923173+00:00,115482.275,0,0.000,0,0,0,normal
2025-08-23T11:28:46.188207+00:00,115482.275,0,0.000,0,0,0,normal
2025-08-23T11:28:46.457813+00:00,115482.275,0,0.000,0,0,0,normal
2025-08-23T11:28:46.722906+00:00,115482.275,0,0.000,0,0,0,normal
2025-08-23T11:28:46.987916+00:00,115482.275,0,0.000,0,0,0,normal
2025-08-23T11:28:47.260896+00:00,115482.275,0,0.000,0,0,0,normal
2025-08-23T11:28:47.521533+00:00,115482.275,0,0.000,0,0,0,normal
2025-08-23T11:28:47.786653+00:00,115482.275,0,0.000,0,0,0,normal
2025-08-23T11:28:48.054275+00:00,115482.275,0,0.000,0,0,0,normal
2025-08-23T11:28:48.315957+00:00,115482.275,0,0.000,0,0,0,normal
2025-08-23T11:28:48.581836+00:00,115482.275,0,0.000,0,0,0,normal
2025-08-23T11:28:48.851144+00:00,115482.275,0,0.000,0,0,0,normal
2025-08-23T11:28:49.114961+00:00,115482.275,0,0.000,0,0,0,normal
2025-08-23T11:28:49.381702+00:00,115482.275,0,0.000,0,0,0,normal
2025-08-23T11:28:49.648553+00:00,115482.275,0,0.000,0,0,0,normal
2025-08-23T11:28:49.916175+00:00,115482.275,0,0.000,0,0,0,normal
2025-08-23T11:28:50.181842+00:00,115482.275,0,0.000,0,0,0,normal
2025-08-23T11:28:50.446441+00:00,115482.275,0,0.000,0,0,0,normal
2025-08-23T11:28:50.714729+00:00,115482.275,0,0.000,0,0,0,normal
2025-08-23T11:28:50.983166+00:00,115482.275,0,0.000,0,0,0,normal
2025-08-23T11:28:51.252247+00:00,115482.275,0,0.000,0,0,0,normal
2025-08-23T11:28:51.515664+00:00,115482.275,0,0.000,0,0,0,normal
2025-08-23T11:28:51.784988+00:00,115482.275,0,0.000,0,0,0,normal
2025-08-23T11:28:52.048210+00:00,115482.275,0,0.000,0,0,0,normal
2025-08-23T11:28:52.313918+00:00,115482.275,0,0.000,0,0,0,normal
2025-08-23T11:28:52.570448+00:00,115482.275,0,0.000,0,0,0,normal
2025-08-23T11:28:52.835798+00:00,115482.275,0,0.000,0,0,0,normal
2025-08-23T11:28:53.100707+00:00,115482.275,0,0.000,0,0,0,normal
2025-08-23T11:28:53.366247+00:00,115482.275,0,0.000,0,0,0,normal
2025-08-23T11:28:53.637409+00:00,115482.275,0,0.000,0,0,0,normal
2025-08-23T11:28:53.897069+00:00,115482.275,0,0.000,0,0,0,normal
2025-08-23T11:28:54.152716+00:00,115482.275,0,0.000,0,0,0,normal
2025-08-23T11:28:54.412947+00:00,115482.275,0,0.000,0,0,0,normal
2025-08-23T11:28:54.671258+00:00,115482.275,0,0.000,0,0,0,normal
2025-08-23T11:28:54.930827+00:00,115482.275,0,0.000,0,0,0,normal
2025-08-23T11:28:55.192431+00:00,115482.275,0,0.000,0,0,0,normal
2025-08-23T11:28:55.449817+00:00,115482.275,0,0.000,0,0,0,normal
2025-08-23T11:28:55.708448+00:00,115482.275,0,0.000,0,0,0,normal
2025-08-23T11:28:55.971569+00:00,115482.275,0,0.000,0,0,0,normal
2025-08-23T11:28:56.228534+00:00,115482.275,0,0.000,0,0,0,normal
2025-08-23T11:28:56.493233+00:00,115482.275,0,0.000,0,0,0,normal
2025-08-23T11:28:56.759042+00:00,115482.275,0,0.000,0,0,0,normal
2025-08-23T11:28:57.022607+00:00,115482.275,0,0.000,0,0,0,normal
2025-08-23T11:28:57.289291+00:00,115482.275,0,0.000,0,0,0,normal
2025-08-23T11:28:57.548231+00:00,115482.275,0,0.000,0,0,0,normal
2025-08-23T11:28:57.811515+00:00,115482.275,0,0.000,0,0,0,normal
2025-08-23T11:28:58.075822+00:00,115482.275,0,0.000,0,0,0,normal
2025-08-23T11:28:58.352189+00:00,115482.275,0,0.000,0,0,0,normal
2025-08-23T11:28:58.614612+00:00,115482.275,0,0.000,0,0,0,normal
2025-08-23T11:28:58.879482+00:00,115482.275,0,0.000,0,0,0,normal
2025-08-23T11:28:59.145364+00:00,115482.275,0,0.000,0,0,0,normal
2025-08-23T11:28:59.411376+00:00,115482.275,0,0.000,0,0,0,normal
2025-08-23T11:28:59.675232+00:00,115482.275,0,0.000,0,0,0,normal
2025-08-23T11:28:59.940174+00:00,115482.275,0,0.000,0,0,0,normal
2025-08-23T11:29:00.209365+00:00,115482.275,0,0.000,0,0,0,normal
2025-08-23T11:29:00.473797+00:00,115482.275,0,0.000,0,0,0,normal
2025-08-23T11:29:00.734795+00:00,115482.275,0,0.000,0,0,0,normal
2025-08-23T11:29:01.002593+00:00,115482.275,0,0.000,0,0,0,normal
2025-08-23T11:29:01.266474+00:00,115482.275,0,0.000,0,0,0,normal
2025-08-23T11:29:01.531417+00:00,115482.275,0,0.000,0,0,0,normal
2025-08-23T11:29:01.799218+00:00,115482.275,0,0.000,0,0,0,normal
2025-08-23T11:29:02.064056+00:00,115482.275,0,0.000,0,0,0,normal
2025-08-23T11:29:02.325239+00:00,115482.275,0,0.000,0,0,0,normal
2025-08-23T11:29:02.582220+00:00,115482.275,0,0.000,0,0,0,normal
2025-08-23T11:29:02.850594+00:00,115482.275,0,0.000,0,0,0,normal
2025-08-23T11:29:03.115026+00:00,115482.275,0,0.000,0,0,0,normal
2025-08-23T11:29:03.379649+00:00,115482.275,0,0.000,0,0,0,normal
2025-08-23T11:29:03.649660+00:00,115482.275,0,0.000,0,0,0,normal
2025-08-23T11:29:03.914368+00:00,115482.275,0,0.000,0,0,0,normal
2025-08-23T11:29:04.179223+00:00,115482.275,0,0.000,0,0,0,normal
2025-08-23T11:29:04.450088+00:00,115482.275,0,0.000,0,0,0,normal
2025-08-23T11:29:04.706029+00:00,115482.275,0,0.000,0,0,0,normal
2025-08-23T11:29:04.961990+00:00,115482.275,0,0.000,0,0,0,normal
2025-08-23T11:29:05.218893+00:00,115482.275,0,0.000,0,0,0,normal
2025-08-23T11:29:05.482367+00:00,115482.275,0,0.000,0,0,0,normal
2025-08-23T11:29:05.749082+00:00,115482.275,0,0.000,0,0,0,normal
2025-08-23T11:29:06.013661+00:00,115482.275,0,0.000,0,0,0,normal
2025-08-23T11:29:06.275940+00:00,115475.735,0,0.000,0,0,0,normal
2025-08-23T11:29:06.532661+00:00,115475.735,0,0.000,0,0,0,normal
2025-08-23T11:29:06.802651+00:00,115475.735,0,0.000,0,0,0,normal
2025-08-23T11:29:07.066563+00:00,115475.735,0,0.000,0,0,0,normal
2025-08-23T11:29:07.331967+00:00,115475.735,0,0.000,0,0,0,normal
2025-08-23T11:29:07.588715+00:00,115475.735,0,0.000,0,0,0,normal
2025-08-23T11:29:07.856309+00:00,115475.735,0,0.000,0,0,0,normal
2025-08-23T11:29:08.117590+00:00,115475.735,0,0.000,0,0,0,normal
2025-08-23T11:29:08.380884+00:00,115475.735,0,0.000,0,0,0,normal
2025-08-23T11:29:08.645663+00:00,115475.735,0,0.000,0,0,0,normal
2025-08-23T11:29:08.906817+00:00,115475.735,0,0.000,0,0,0,normal
2025-08-23T11:29:09.169739+00:00,115475.735,0,0.000,0,0,0,normal
2025-08-23T11:29:09.434902+00:00,115475.735,0,0.000,0,0,0,normal
2025-08-23T11:29:09.702591+00:00,115475.735,0,0.000,0,0,0,normal
2025-08-23T11:29:09.967388+00:00,115475.735,0,0.000,0,0,0,normal
2025-08-23T11:29:10.232572+00:00,115475.735,0,0.000,0,0,0,normal
2025-08-23T11:29:10.498052+00:00,115475.735,0,0.000,0,0,0,normal
2025-08-23T11:29:10.765421+00:00,115475.735,0,0.000,0,0,0,normal
2025-08-23T11:29:11.021303+00:00,115475.735,0,0.000,0,0,0,normal
2025-08-23T11:29:11.286310+00:00,115475.735,0,0.000,0,0,0,normal
2025-08-23T11:29:11.559518+00:00,115475.735,0,0.000,0,0,0,normal
2025-08-23T11:29:11.825076+00:00,115475.735,0,0.000,0,0,0,normal
2025-08-23T11:29:12.090218+00:00,115475.735,0,0.000,0,0,0,normal
2025-08-23T11:29:12.356538+00:00,115475.735,0,0.000,0,0,0,normal
2025-08-23T11:29:12.613126+00:00,115475.735,0,0.000,0,0,0,normal
2025-08-23T11:29:12.878198+00:00,115475.735,0,0.000,0,0,0,normal
2025-08-23T11:29:13.145649+00:00,115475.735,0,0.000,0,0,0,normal
2025-08-23T11:29:13.410873+00:00,115475.735,0,0.000,0,0,0,normal
2025-08-23T11:29:13.676284+00:00,115475.735,0,0.000,0,0,0,normal
2025-08-23T11:29:13.942234+00:00,115475.735,0,0.000,0,0,0,normal
2025-08-23T11:29:14.207784+00:00,115475.735,0,0.000,0,0,0,normal
2025-08-23T11:29:14.472473+00:00,115475.735,0,0.000,0,0,0,normal
2025-08-23T11:29:14.737420+00:00,115475.735,0,0.000,0,0,0,normal
2025-08-23T11:29:15.007810+00:00,115475.735,0,0.000,0,0,0,normal
2025-08-23T11:29:15.272196+00:00,115475.735,0,0.000,0,0,0,normal
2025-08-23T11:29:15.534523+00:00,115475.735,0,0.000,0,0,0,normal
2025-08-23T11:29:15.802859+00:00,115475.735,0,0.000,0,0,0,normal
2025-08-23T11:29:16.065471+00:00,115475.735,0,0.000,0,0,0,normal
2025-08-23T11:29:16.327957+00:00,115475.735,0,0.000,0,0,0,normal
2025-08-23T11:29:16.596848+00:00,115475.735,0,0.000,0,0,0,normal
2025-08-23T11:29:16.863661+00:00,115475.735,0,0.000,0,0,0,normal
2025-08-23T11:29:17.128553+00:00,115475.735,0,0.000,0,0,0,normal
2025-08-23T11:29:17.392027+00:00,115475.735,0,0.000,0,0,0,normal
2025-08-23T11:29:17.657151+00:00,115475.735,0,0.000,0,0,0,normal
2025-08-23T11:29:17.920738+00:00,115469.675,0,0.000,0,0,0,normal
2025-08-23T11:29:18.186096+00:00,115469.675,0,0.000,0,0,0,normal
2025-08-23T11:29:18.454630+00:00,115469.675,0,0.000,0,0,0,normal
2025-08-23T11:29:18.723636+00:00,115469.675,0,0.000,0,0,0,normal
2025-08-23T11:29:18.988804+00:00,115469.675,0,0.000,0,0,0,normal
2025-08-23T11:29:19.255431+00:00,115469.675,0,0.000,0,0,0,normal
2025-08-23T11:29:19.518667+00:00,115469.675,0,0.000,0,0,0,normal
2025-08-23T11:29:19.783669+00:00,115469.675,0,0.000,0,0,0,normal
2025-08-23T11:29:20.050529+00:00,115469.675,0,0.000,0,0,0,normal
2025-08-23T11:29:20.313315+00:00,115469.675,0,0.000,0,0,0,normal
2025-08-23T11:29:20.577481+00:00,115469.675,0,0.000,0,0,0,normal
2025-08-23T11:29:20.858633+00:00,115469.675,0,0.000,0,0,0,normal
2025-08-23T11:29:21.121559+00:00,115469.675,0,0.000,0,0,0,normal
2025-08-23T11:29:21.386813+00:00,115469.675,0,0.000,0,0,0,normal
2025-08-23T11:29:21.657162+00:00,115469.675,0,0.000,0,0,0,normal
2025-08-23T11:29:21.922651+00:00,115469.675,0,0.000,0,0,0,normal
2025-08-23T11:29:22.186916+00:00,115469.675,0,0.000,0,0,0,normal
2025-08-23T11:29:22.453178+00:00,115469.675,0,0.000,0,0,0,normal
2025-08-23T11:29:22.715573+00:00,115469.675,0,0.000,0,0,0,normal
2025-08-23T11:29:22.979623+00:00,115469.675,0,0.000,0,0,0,normal
2025-08-23T11:29:23.245203+00:00,115469.675,0,0.000,0,0,0,normal
2025-08-23T11:29:23.509559+00:00,115469.675,0,0.000,0,0,0,normal
2025-08-23T11:29:23.775308+00:00,115469.675,0,0.000,0,0,0,normal
2025-08-23T11:29:24.040117+00:00,115469.675,0,0.000,0,0,0,normal
2025-08-23T11:29:24.307188+00:00,115469.675,0,0.000,0,0,0,normal
2025-08-23T11:29:24.572563+00:00,115469.675,0,0.000,0,0,0,normal
2025-08-23T11:29:24.837511+00:00,115469.675,0,0.000,0,0,0,normal
2025-08-23T11:29:25.105649+00:00,115469.675,0,0.000,0,0,0,normal
2025-08-23T11:29:25.375753+00:00,115469.675,0,0.000,0,0,0,normal
2025-08-23T11:29:25.641041+00:00,115469.675,0,0.000,0,0,0,normal
2025-08-23T11:29:25.908663+00:00,115469.675,0,0.000,0,0,0,normal
2025-08-23T11:29:26.174125+00:00,115469.675,0,0.000,0,0,0,normal
2025-08-23T11:29:26.439201+00:00,115469.675,0,0.000,0,0,0,normal
2025-08-23T11:29:26.706084+00:00,115469.675,0,0.000,0,0,0,normal
2025-08-23T11:29:26.970665+00:00,115469.675,0,0.000,0,0,0,normal
2025-08-23T11:29:27.235587+00:00,115469.675,0,0.000,0,0,0,normal
2025-08-23T11:29:27.504993+00:00,115469.675,0,0.000,0,0,0,normal
2025-08-23T11:29:27.769081+00:00,115469.675,0,0.000,0,0,0,normal
2025-08-23T11:29:28.036901+00:00,115469.675,0,0.000,0,0,0,normal
2025-08-23T11:29:28.305935+00:00,115469.675,0,0.000,0,0,0,normal
2025-08-23T11:29:28.567536+00:00,115469.675,0,0.000,0,0,0,normal
2025-08-23T11:29:28.836761+00:00,115469.675,0,0.000,0,0,0,normal
2025-08-23T11:29:29.105634+00:00,115469.675,0,0.000,0,0,0,normal
2025-08-23T11:29:29.363380+00:00,115472.975,0,0.000,0,0,0,normal
2025-08-23T11:29:29.635299+00:00,115472.975,0,0.000,0,0,0,normal
2025-08-23T11:29:29.900350+00:00,115472.975,0,0.000,0,0,0,normal
2025-08-23T11:29:30.158367+00:00,115472.975,0,0.000,0,0,0,normal
2025-08-23T11:29:30.419238+00:00,115472.975,0,0.000,0,0,0,normal
2025-08-23T11:29:30.707816+00:00,115472.975,0,0.000,0,0,0,normal
2025-08-23T11:29:30.965982+00:00,115472.975,0,0.000,0,0,0,normal
2025-08-23T11:29:31.234352+00:00,115472.975,0,0.000,0,0,0,normal
2025-08-23T11:29:31.499410+00:00,115472.975,0,0.000,0,0,0,normal
2025-08-23T11:29:31.768071+00:00,115472.975,0,0.000,0,0,0,normal
2025-08-23T11:29:32.027391+00:00,115472.975,0,0.000,0,0,0,normal
2025-08-23T11:29:32.296479+00:00,115472.975,0,0.000,0,0,0,normal
2025-08-23T11:29:32.558083+00:00,115472.975,0,0.000,0,0,0,normal
2025-08-23T11:29:32.816597+00:00,115472.975,0,0.000,0,0,0,normal
2025-08-23T11:29:33.074512+00:00,115472.975,0,0.000,0,0,0,normal
2025-08-23T11:29:33.338955+00:00,115472.975,0,0.000,0,0,0,normal
2025-08-23T11:29:33.603641+00:00,115472.975,0,0.000,0,0,0,normal
2025-08-23T11:29:33.870955+00:00,115472.975,0,0.000,0,0,0,normal
2025-08-23T11:29:34.130532+00:00,115472.975,0,0.000,0,0,0,normal
2025-08-23T11:29:34.388068+00:00,115472.975,0,0.000,0,0,0,normal
2025-08-23T14:32:27.204315+00:00,115024.005,0,0.000,0,0,0,normal
2025-08-23T14:32:27.532708+00:00,115024.005,0,0.000,0,0,0,normal
2025-08-23T14:32:27.801251+00:00,115024.005,0,0.000,0,0,0,normal
2025-08-23T14:32:28.051856+00:00,115024.005,0,0.000,0,0,0,normal
2025-08-23T14:32:28.304149+00:00,115024.005,0,0.000,0,0,0,normal
2025-08-23T14:32:28.555052+00:00,115024.005,0,0.000,0,0,0,normal
2025-08-23T14:32:28.806561+00:00,115024.005,0,0.000,0,0,0,normal
2025-08-23T14:32:29.056942+00:00,115024.005,0,0.000,0,0,0,normal
2025-08-23T14:32:29.359514+00:00,115024.005,0,0.000,0,0,0,normal
2025-08-23T14:32:29.650910+00:00,115024.005,0,0.000,0,0,0,normal
2025-08-23T14:32:29.941227+00:00,115024.005,0,0.000,0,0,0,normal
2025-08-23T14:32:30.249021+00:00,115024.005,0,0.000,0,0,0,normal
2025-08-23T14:32:30.544809+00:00,115024.005,0,0.000,0,0,0,normal
2025-08-23T14:32:30.855338+00:00,115024.005,0,0.000,0,0,0,normal
2025-08-23T14:32:31.159356+00:00,115024.005,0,0.000,0,0,0,normal
2025-08-23T14:32:31.460219+00:00,115038.245,0,0.000,0,0,0,normal
2025-08-23T14:32:31.756459+00:00,115038.245,0,0.000,0,0,0,normal
2025-08-23T14:32:32.049923+00:00,115038.245,0,0.000,0,0,0,normal
2025-08-23T14:32:32.356730+00:00,115038.245,0,0.000,0,0,0,normal
2025-08-23T14:32:32.654731+00:00,115038.245,0,0.000,0,0,0,normal
2025-08-23T14:32:32.969066+00:00,115038.245,0,0.000,0,0,0,normal
2025-08-23T14:32:33.265997+00:00,115038.245,0,0.000,0,0,0,normal
2025-08-23T14:32:33.570908+00:00,115038.245,0,0.000,0,0,0,normal
2025-08-23T14:32:33.870382+00:00,115038.245,0,0.000,0,0,0,normal
2025-08-23T14:32:34.171063+00:00,115038.245,0,0.000,0,0,0,normal
2025-08-23T14:32:34.566709+00:00,115032.965,0,0.000,0,0,0,normal
2025-08-23T14:32:34.866646+00:00,115032.965,0,0.000,0,0,0,normal
2025-08-23T14:32:35.169700+00:00,115032.965,0,0.000,0,0,0,normal
2025-08-23T14:32:35.477514+00:00,115032.965,0,0.000,0,0,0,normal
2025-08-23T14:32:35.790330+00:00,115032.965,0,0.000,0,0,0,normal
2025-08-23T14:32:36.118030+00:00,115032.965,0,0.000,0,0,0,normal
2025-08-23T14:32:36.411587+00:00,115032.965,0,0.000,0,0,0,normal
2025-08-23T14:32:36.699095+00:00,115032.965,0,0.000,0,0,0,normal
2025-08-23T14:32:36.993565+00:00,115032.965,0,0.000,0,0,0,normal
2025-08-23T14:32:37.282088+00:00,115032.965,0,0.000,0,0,0,normal
2025-08-23T14:32:37.595255+00:00,115032.965,0,0.000,0,0,0,normal
2025-08-23T14:32:37.899902+00:00,115032.965,0,0.000,0,0,0,normal
2025-08-23T14:32:38.185806+00:00,115032.965,0,0.000,0,0,0,normal
2025-08-23T14:32:38.489778+00:00,115032.965,0,0.000,0,0,0,normal
2025-08-23T14:32:38.791762+00:00,115032.965,0,0.000,0,0,0,normal
2025-08-23T14:32:39.084718+00:00,115032.965,0,0.000,0,0,0,normal
2025-08-23T14:32:39.389004+00:00,115032.965,0,0.000,0,0,0,normal
2025-08-23T14:32:39.682517+00:00,115038.245,0,0.000,0,0,0,normal
2025-08-23T14:32:39.982472+00:00,115038.245,0,0.000,0,0,0,normal
2025-08-23T14:32:40.280031+00:00,115038.245,0,0.000,0,0,0,normal
2025-08-23T14:32:40.577653+00:00,115039.815,0,0.000,0,0,0,normal
2025-08-23T14:32:40.877048+00:00,115039.815,0,0.000,0,0,0,normal
2025-08-23T14:32:41.192491+00:00,115039.815,0,0.000,0,0,0,normal
2025-08-23T14:32:41.471343+00:00,115039.815,0,0.000,0,0,0,normal
2025-08-23T14:32:41.759128+00:00,115038.29,0,0.00,0,0,0,normal
2025-08-23T14:32:42.048566+00:00,115039.815,0,0.000,0,0,0,normal
2025-08-23T14:32:42.336223+00:00,115039.815,0,0.000,0,0,0,normal
2025-08-23T14:32:42.646552+00:00,115039.815,0,0.000,0,0,0,normal
2025-08-23T14:32:42.949625+00:00,115039.815,0,0.000,0,0,0,normal
2025-08-23T14:32:43.244464+00:00,115039.815,0,0.000,0,0,0,normal
2025-08-23T14:32:43.540886+00:00,115039.815,0,0.000,0,0,0,normal
2025-08-23T14:32:43.836224+00:00,115039.815,0,0.000,0,0,0,normal
2025-08-23T14:32:44.131890+00:00,115039.815,0,0.000,0,0,0,normal
2025-08-23T14:32:44.428789+00:00,115039.815,0,0.000,0,0,0,normal
2025-08-23T14:32:44.721648+00:00,115039.815,0,0.000,0,0,0,normal
2025-08-23T14:32:45.021189+00:00,115039.815,0,0.000,0,0,0,normal
2025-08-23T14:32:45.320693+00:00,115039.815,0,0.000,0,0,0,normal
2025-08-23T14:32:45.618679+00:00,115039.815,0,0.000,0,0,0,normal
2025-08-23T14:32:45.915749+00:00,115039.815,0,0.000,0,0,0,normal
2025-08-23T14:32:46.209865+00:00,115039.815,0,0.000,0,0,0,normal
2025-08-23T14:32:46.503250+00:00,115039.815,0,0.000,0,0,0,normal
2025-08-23T14:32:46.791662+00:00,115039.815,0,0.000,0,0,0,normal
2025-08-23T14:32:47.078388+00:00,115039.815,0,0.000,0,0,0,normal
2025-08-23T14:32:47.373617+00:00,115039.815,0,0.000,0,0,0,normal
2025-08-23T14:32:47.673061+00:00,115039.815,0,0.000,0,0,0,normal
2025-08-23T14:32:47.973037+00:00,115039.815,0,0.000,0,0,0,normal
2025-08-23T14:32:48.254391+00:00,115039.815,0,0.000,0,0,0,normal
2025-08-23T14:32:48.531389+00:00,115039.815,0,0.000,0,0,0,normal
2025-08-23T14:32:48.810022+00:00,115039.815,0,0.000,0,0,0,normal
2025-08-23T14:32:49.119455+00:00,115039.815,0,0.000,0,0,0,normal
2025-08-23T14:32:49.422560+00:00,115039.815,0,0.000,0,0,0,normal
2025-08-23T14:32:49.722823+00:00,115039.815,0,0.000,0,0,0,normal
2025-08-23T14:32:50.008464+00:00,115039.815,0,0.000,0,0,0,normal
2025-08-23T14:32:50.286609+00:00,115039.815,0,0.000,0,0,0,normal
2025-08-23T14:32:50.598227+00:00,115039.815,0,0.000,0,0,0,normal
2025-08-23T14:32:50.890623+00:00,115039.815,0,0.000,0,0,0,normal
2025-08-23T14:32:51.190995+00:00,115039.815,0,0.000,0,0,0,normal
2025-08-23T14:32:51.490458+00:00,115039.815,0,0.000,0,0,0,normal
2025-08-23T14:32:51.798462+00:00,115039.815,0,0.000,0,0,0,normal
2025-08-23T14:32:52.102193+00:00,115039.815,0,0.000,0,0,0,normal
2025-08-23T14:32:52.404166+00:00,115039.815,0,0.000,0,0,0,normal
2025-08-23T14:32:52.709536+00:00,115043.575,0,0.000,0,0,0,normal
2025-08-23T14:32:53.010613+00:00,115043.575,0,0.000,0,0,0,normal
2025-08-23T14:32:53.314605+00:00,115043.575,0,0.000,0,0,0,normal
2025-08-23T14:32:53.625329+00:00,115043.575,0,0.000,0,0,0,normal
2025-08-23T14:32:53.936463+00:00,115043.575,0,0.000,0,0,0,normal
2025-08-23T14:32:54.242832+00:00,115043.575,0,0.000,0,0,0,normal
2025-08-23T14:32:54.549211+00:00,115043.575,0,0.000,0,0,0,normal
2025-08-23T14:32:54.849274+00:00,115043.575,0,0.000,0,0,0,normal
2025-08-23T14:32:55.148875+00:00,115043.575,0,0.000,0,0,0,normal
2025-08-23T14:32:55.453122+00:00,115043.575,0,0.000,0,0,0,normal
2025-08-23T14:32:55.762375+00:00,115043.575,0,0.000,0,0,0,normal
2025-08-23T14:32:56.055753+00:00,115043.575,0,0.000,0,0,0,normal
2025-08-23T14:32:56.331794+00:00,115043.575,0,0.000,0,0,0,normal
2025-08-23T14:32:56.640209+00:00,115043.575,0,0.000,0,0,0,normal
2025-08-23T14:32:56.943313+00:00,115043.575,0,0.000,0,0,0,normal
2025-08-23T14:32:57.247008+00:00,115043.575,0,0.000,0,0,0,normal
2025-08-23T14:32:57.547459+00:00,115043.575,0,0.000,0,0,0,normal
2025-08-23T14:32:57.857262+00:00,115043.575,0,0.000,0,0,0,normal
2025-08-23T14:32:58.169699+00:00,115043.575,0,0.000,0,0,0,normal
2025-08-23T14:32:58.475292+00:00,115043.575,0,0.000,0,0,0,normal
2025-08-23T14:32:58.767897+00:00,115043.575,0,0.000,0,0,0,normal
2025-08-23T14:32:59.067774+00:00,115043.575,0,0.000,0,0,0,normal
2025-08-23T14:32:59.367122+00:00,115043.575,0,0.000,0,0,0,normal
2025-08-23T14:32:59.673359+00:00,115043.575,0,0.000,0,0,0,normal
2025-08-23T14:32:59.980837+00:00,115043.575,0,0.000,0,0,0,normal
2025-08-23T14:33:00.280669+00:00,115043.575,0,0.000,0,0,0,normal
2025-08-23T14:33:00.589037+00:00,115043.575,0,0.000,0,0,0,normal
2025-08-23T14:33:00.898321+00:00,115043.575,0,0.000,0,0,0,normal
2025-08-23T14:33:01.200501+00:00,115043.575,0,0.000,0,0,0,normal
2025-08-23T14:33:01.513329+00:00,115043.575,0,0.000,0,0,0,normal
2025-08-23T14:33:01.814773+00:00,115043.575,0,0.000,0,0,0,normal
2025-08-23T14:33:02.128059+00:00,115043.575,0,0.000,0,0,0,normal
2025-08-23T14:33:02.439690+00:00,115043.575,0,0.000,0,0,0,normal
2025-08-23T14:33:02.754707+00:00,115043.575,0,0.000,0,0,0,normal
2025-08-23T14:33:03.050970+00:00,115043.575,0,0.000,0,0,0,normal
2025-08-23T14:33:03.359441+00:00,115043.575,0,0.000,0,0,0,normal
2025-08-23T14:33:03.659803+00:00,115043.575,0,0.000,0,0,0,normal
2025-08-23T14:33:03.973482+00:00,115043.575,0,0.000,0,0,0,normal
2025-08-23T14:33:04.277700+00:00,115043.575,0,0.000,0,0,0,normal
2025-08-23T14:33:04.590141+00:00,115043.575,0,0.000,0,0,0,normal
2025-08-23T14:33:04.897895+00:00,115043.575,0,0.000,0,0,0,normal
2025-08-23T14:33:05.206435+00:00,115043.575,0,0.000,0,0,0,normal
2025-08-23T14:33:05.512376+00:00,115043.575,0,0.000,0,0,0,normal
2025-08-23T14:33:05.815465+00:00,115043.575,0,0.000,0,0,0,normal
2025-08-23T14:33:06.115606+00:00,115043.575,0,0.000,0,0,0,normal
2025-08-23T14:33:06.413431+00:00,115043.575,0,0.000,0,0,0,normal
2025-08-23T14:33:06.714029+00:00,115043.575,0,0.000,0,0,0,normal
2025-08-23T14:33:07.024706+00:00,115041.805,0,0.000,0,0,0,normal
2025-08-23T14:33:07.327378+00:00,115042.675,0,0.000,0,0,0,normal
2025-08-23T14:33:07.623041+00:00,115042.675,0,0.000,0,0,0,normal
2025-08-23T14:33:07.920206+00:00,115041.805,0,0.000,0,0,0,normal
2025-08-23T14:33:08.213740+00:00,115041.805,0,0.000,0,0,0,normal
2025-08-23T14:33:08.525921+00:00,115041.805,0,0.000,0,0,0,normal
2025-08-23T14:33:08.830890+00:00,115041.805,0,0.000,0,0,0,normal
